{
	"format_version": "1.20.50",
	"minecraft:geometry": [
		{
			"description": {
				"identifier": "geometry.pirate_hat",
				"texture_width": 64,
				"texture_height": 64,
				"visible_bounds_width": 2,
				"visible_bounds_height": 4.5,
				"visible_bounds_offset": [0, 1.75, 0]
			},
			"bones": [
				{
					"name": "head",
					"pivot": [-2, 25, 0],
					"rotation": [-180, 0, -172],
					"cubes": [
						{
							"origin": [-7.56578, 31.7221, -5],
							"size": [10, 4, 10],
							"pivot": [0.6, 36.6, 0],
							"rotation": [0, 0, -5],
							"uv": {
								"north": {"uv": [33.032, 5.032], "uv_size": [9.936, 3.936]},
								"east": {"uv": [33.032, 9.032], "uv_size": [9.936, 3.936]},
								"south": {"uv": [37.032, 13.032], "uv_size": [9.936, 3.936]},
								"west": {"uv": [37.032, 17.032], "uv_size": [9.936, 3.936]},
								"up": {"uv": [14.032, 0.032], "uv_size": [9.936, 9.936]},
								"down": {"uv": [14.032, 19.968], "uv_size": [9.936, -9.936]}
							}
						},
						{
							"origin": [-9.56578, 29.7221, -5],
							"size": [14, 2, 10],
							"pivot": [0.6, 36.6, 0],
							"rotation": [0, 0, -5],
							"uv": {
								"north": {"uv": [43.032, 8.032], "uv_size": [13.936, 1.936]},
								"east": {"uv": [47.032, 19.032], "uv_size": [9.936, 1.936]},
								"south": {"uv": [43.032, 10.032], "uv_size": [13.936, 1.936]},
								"west": {"uv": [4.032, 50.032], "uv_size": [9.936, 1.936]},
								"up": {"uv": [0.032, 0.032], "uv_size": [13.936, 9.936]},
								"down": {"uv": [0.032, 19.968], "uv_size": [13.936, -9.936]}
							}
						},
						{
							"origin": [-1.66578, 32.62161, 0.02277],
							"size": [10, 9, 0],
							"pivot": [0.6, 36.6, 0],
							"rotation": [0, 0, -5],
							"uv": {
								"north": {"uv": [0.032, 20.032], "uv_size": [9.936, 8.936]},
								"east": {"uv": [0.032, 0.032], "uv_size": [-0.092, 8.936]},
								"south": {"uv": [10.032, 20.032], "uv_size": [9.936, 8.936]},
								"west": {"uv": [0.032, 0.032], "uv_size": [-0.092, 8.936]},
								"up": {"uv": [0.032, -0.06], "uv_size": [9.936, 0.092]},
								"down": {"uv": [0.032, -0.06], "uv_size": [9.936, 0.092]}
							}
						}
					]
				},
				{
					"name": "skele",
					"parent": "head",
					"pivot": [-0.1, 42.85495, -13.21206],
					"cubes": [
						{
							"origin": [-4.66578, 31.3221, -5.4],
							"size": [4, 3, 10],
							"pivot": [0.6, 36.6, 0],
							"rotation": [0, 0, -5],
							"uv": {
								"north": {"uv": [54.064, 60.064], "uv_size": [9.936, 3.936]},
								"east": {"uv": [54.064, 60.064], "uv_size": [9.936, 3.936]},
								"south": {"uv": [54.064, 60.064], "uv_size": [9.936, 3.936]},
								"west": {"uv": [54.064, 60.064], "uv_size": [9.936, 3.936]},
								"up": {"uv": [44.032, 54.064], "uv_size": [9.936, 9.936]},
								"down": {"uv": [31.032, 64], "uv_size": [9.936, -9.936]}
							}
						},
						{
							"origin": [-3.66578, 30.3221, -5.4],
							"size": [2, 1, 10],
							"pivot": [0.6, 36.6, 0],
							"rotation": [0, 0, -5],
							"uv": {
								"north": {"uv": [54.064, 27.064], "uv_size": [9.936, 3.936]},
								"east": {"uv": [54.064, 41.064], "uv_size": [9.936, 3.936]},
								"south": {"uv": [54.064, 35.064], "uv_size": [9.936, 3.936]},
								"west": {"uv": [54.064, 49.064], "uv_size": [9.936, 3.936]},
								"up": {"uv": [18.032, 54.064], "uv_size": [9.936, 9.936]},
								"down": {"uv": [0, 64], "uv_size": [9.936, -9.936]}
							}
						}
					]
				}
			]
		}
	]
}